id,team_id,time_type_id,time,player_id,heat_id
67,11,1,12:05:28.607547,39,2
68,13,1,12:05:28.607547,47,2
69,11,1,12:05:51.49052,39,2
70,11,2,12:05:54.925827,39,2
71,11,2,12:06:05.323202,39,2
72,11,3,12:06:09.174584,39,2
73,11,3,12:06:18.775418,39,2
74,11,1,12:06:26.506225,39,2
75,13,1,12:06:42.669666,47,2
76,13,1,12:06:42.669666,48,2
77,13,1,12:07:11.126889,48,2
78,11,1,12:07:11.912868,39,2
79,11,1,12:07:11.912868,42,2
80,13,2,12:07:15.978772,48,2
81,11,1,12:07:22.246984,42,2
82,11,2,12:07:25.261965,42,2
83,11,2,12:07:33.964449,42,2
84,13,2,12:07:35.447159,48,2
85,11,3,12:07:37.821733,42,2
86,13,3,12:07:38.658167,48,2
87,11,3,12:07:47.999082,42,2
88,13,3,12:07:48.761723,48,2
89,13,1,12:07:53.026011,48,2
90,11,1,12:07:53.401375,42,2
91,13,1,12:08:16.71057,48,2
93,11,1,12:08:25.447291,42,2
94,11,1,12:08:25.447291,41,2
95,11,1,12:08:48.335385,41,2
97,11,2,12:08:52.643557,41,2
103,11,2,12:09:25.504123,41,2
104,11,3,12:09:28.020351,41,2
105,11,3,12:09:39.16499,41,2
106,11,1,12:09:45.860626,41,2
108,13,1,12:09:50.552408,49,2
109,11,1,12:10:10.487442,41,2
111,13,1,12:10:21.669971,49,2
112,13,2,12:10:27.323861,49,2
113,13,2,12:10:33.854793,49,2
115,13,3,12:10:36.480576,49,2
119,13,3,12:10:45.952387,49,2
120,13,1,12:10:48.233613,49,2
125,13,1,12:11:12.06558,49,2
126,13,1,12:11:12.06558,49,2
127,13,1,12:11:26.00648,49,2
128,13,1,12:11:26.00648,49,2
133,14,1,12:17:09.962531,54,3
134,12,1,12:17:09.962531,43,3
135,12,1,12:17:26.737952,43,3
136,12,2,12:17:33.446402,43,3
137,14,1,12:17:39.292349,54,3
138,14,2,12:17:39.701703,54,3
139,12,2,12:17:42.247894,43,3
140,14,2,12:17:46.784136,54,3
141,14,3,12:17:49.461262,54,3
142,12,3,12:17:49.750814,43,3
143,12,3,12:17:59.110758,43,3
144,14,3,12:17:59.542635,54,3
145,12,1,12:18:03.290274,43,3
146,14,1,12:18:07.989535,54,3
147,12,1,12:18:29.005649,43,3
148,12,1,12:18:29.005649,46,3
149,14,1,12:18:32.696079,54,3
150,14,1,12:18:32.696079,51,3
151,14,1,12:18:50.344847,54,3
152,14,1,12:18:50.344847,51,3
153,14,1,12:19:00.725342,54,3
154,12,1,12:19:00.884611,46,3
156,12,2,12:19:04.593438,46,3
160,14,3,12:19:13.832001,51,3
161,12,2,12:19:15.558915,46,3
162,12,3,12:19:18.472153,46,3
163,14,3,12:19:21.940411,51,3
164,14,1,12:19:27.219494,51,3
165,12,3,12:19:27.276617,46,3
166,12,1,12:19:32.133803,46,3
167,14,1,12:19:49.998754,51,3
168,14,1,12:19:49.998754,52,3
169,12,1,12:20:03.089472,46,3
170,12,1,12:20:03.089472,45,3
171,14,1,12:20:17.825831,52,3
172,14,2,12:20:22.045164,52,3
173,14,2,12:20:30.791144,52,3
174,14,3,12:20:33.468771,52,3
175,14,3,12:20:41.13371,52,3
176,12,1,12:20:44.201027,45,3
177,14,1,12:20:48.084244,52,3
178,12,2,12:20:49.365212,45,3
179,14,1,12:21:09.797758,52,3
180,14,1,12:21:09.797758,53,3
181,12,2,12:21:13.788147,45,3
182,12,3,12:21:16.635421,45,3
183,12,3,12:21:26.34708,45,3
184,12,1,12:21:32.078982,45,3
185,14,1,12:21:42.422261,53,3
186,14,2,12:21:46.16198,53,3
187,12,1,12:22:03.787154,45,3
188,12,1,12:22:03.787154,44,3
189,14,2,12:22:05.86862,53,3
190,14,3,12:22:19.103238,53,3
191,14,1,12:22:25.849462,53,3
192,12,1,12:22:38.260541,44,3
193,12,2,12:22:43.268687,44,3
194,14,1,12:22:50.946626,53,3
195,14,1,12:22:50.946626,53,3
196,12,2,12:23:29.240136,44,3
197,12,3,12:23:35.121273,44,3
198,12,3,12:23:50.676977,44,3
199,12,1,12:23:55.424641,44,3
200,12,1,12:24:22.915831,44,3
201,12,1,12:24:22.915831,44,3
202,10,1,12:31:37.903273,35,4
203,6,1,12:31:37.903273,19,4
204,6,1,12:31:59.284333,19,4
205,10,1,12:32:03.701789,35,4
206,10,2,12:32:07.837724,35,4
207,6,2,12:32:12.118038,19,4
208,10,2,12:32:17.493308,35,4
209,10,3,12:32:20.301799,35,4
210,6,2,12:32:29.236866,19,4
211,6,3,12:32:32.683575,19,4
212,10,3,12:32:34.368907,35,4
213,10,1,12:32:43.623866,35,4
214,6,3,12:32:44.435554,19,4
215,6,1,12:32:48.615121,19,4
216,10,1,12:33:07.569981,35,4
217,10,1,12:33:07.569981,38,4
218,6,1,12:33:17.181232,19,4
219,6,1,12:33:17.181232,21,4
220,10,1,12:33:42.606007,38,4
221,10,2,12:33:46.28583,38,4
222,6,1,12:33:48.147864,21,4
223,6,2,12:33:52.580283,21,4
224,6,2,12:34:08.687605,21,4
225,6,3,12:34:12.707794,21,4
226,6,3,12:34:22.83138,21,4
227,6,1,12:34:26.611206,21,4
228,10,2,12:34:27.787397,38,4
229,10,3,12:34:30.609404,38,4
230,10,3,12:34:41.354048,38,4
231,10,1,12:34:46.956132,38,4
232,6,1,12:34:56.923617,21,4
233,6,1,12:34:56.923617,20,4
234,10,1,12:35:13.552797,38,4
235,10,1,12:35:13.552797,36,4
236,6,1,12:35:45.136345,20,4
237,10,1,12:35:46.965858,36,4
238,10,2,12:35:50.465915,36,4
239,6,2,12:35:51.848932,20,4
240,10,2,12:36:00.826148,36,4
241,10,3,12:36:02.774837,36,4
242,10,3,12:36:13.749982,36,4
243,10,1,12:36:18.698736,36,4
244,6,2,12:36:23.268395,20,4
245,6,3,12:36:27.507667,20,4
246,6,3,12:36:38.107723,20,4
247,6,1,12:36:43.63417,20,4
248,10,1,12:36:44.66825,36,4
249,10,1,12:36:44.66825,37,4
250,6,1,12:37:16.714707,20,4
251,6,1,12:37:16.714707,22,4
252,10,1,12:37:21.840084,37,4
253,10,2,12:37:26.970893,37,4
254,10,2,12:37:43.31648,37,4
255,10,3,12:37:46.749919,37,4
256,10,3,12:38:03.372958,37,4
257,6,1,12:38:03.878059,22,4
258,6,2,12:38:11.778921,22,4
259,10,1,12:38:11.999517,37,4
260,6,2,12:38:33.660757,22,4
263,10,1,12:38:45.316969,37,4
264,10,1,12:38:45.316969,37,4
265,6,1,12:39:07.723726,22,4
266,6,1,12:39:44.094918,22,4
267,6,1,12:39:44.094918,22,4
268,7,1,12:44:25.537792,26,5
269,8,1,12:44:25.537792,30,5
270,8,1,12:44:44.122548,30,5
271,8,2,12:44:48.918251,30,5
272,7,1,12:45:01.089922,26,5
273,8,2,12:45:02.504863,30,5
274,8,3,12:45:05.364507,30,5
275,7,2,12:45:05.936025,26,5
276,8,3,12:45:15.684438,30,5
277,8,1,12:45:19.263128,30,5
278,7,2,12:45:32.028821,26,5
279,7,3,12:45:34.304977,26,5
280,8,1,12:45:40.81794,30,5
281,8,1,12:45:40.81794,29,5
282,7,3,12:45:42.686043,26,5
283,7,1,12:45:51.389906,26,5
284,8,1,12:46:08.614554,29,5
285,8,2,12:46:12.435165,29,5
286,7,1,12:46:23.106518,26,5
287,7,1,12:46:23.106518,23,5
288,8,2,12:46:24.995812,29,5
289,8,3,12:46:27.397924,29,5
290,8,3,12:46:37.050266,29,5
291,8,1,12:46:42.10518,29,5
292,7,1,12:46:54.911011,23,5
293,7,2,12:47:00.131258,23,5
294,8,1,12:47:05.233666,29,5
295,8,1,12:47:05.233666,27,5
296,7,2,12:47:19.969215,23,5
297,7,3,12:47:23.15892,23,5
298,8,1,12:47:31.041207,27,5
299,8,2,12:47:34.839669,27,5
300,7,3,12:47:37.026565,23,5
301,7,1,12:47:45.989847,23,5
302,8,2,12:47:48.091185,27,5
303,8,3,12:47:51.227974,27,5
304,8,3,12:48:01.18515,27,5
305,8,1,12:48:04.219249,27,5
306,7,1,12:48:17.087827,23,5
307,7,1,12:48:17.087827,24,5
308,8,1,12:48:28.910032,27,5
309,8,1,12:48:28.910032,28,5
310,7,1,12:48:47.62933,24,5
311,7,2,12:48:52.788824,24,5
312,8,1,12:49:01.005379,28,5
313,8,2,12:49:05.600252,28,5
314,8,2,12:49:18.345928,28,5
315,7,2,12:49:19.927308,24,5
316,8,3,12:49:20.761161,28,5
317,7,3,12:49:20.769167,24,5
318,8,3,12:49:30.236859,28,5
319,8,1,12:49:33.926643,28,5
320,7,3,12:49:34.347759,24,5
321,7,1,12:49:41.530515,24,5
322,8,1,12:49:57.670863,28,5
323,8,1,12:49:57.670863,28,5
324,7,1,12:50:12.656918,24,5
325,7,1,12:50:12.656918,25,5
326,7,1,12:50:42.528204,25,5
327,7,2,12:50:46.517003,25,5
328,7,2,12:51:01.425328,25,5
329,7,3,12:51:03.994633,25,5
330,7,3,12:51:21.777528,25,5
331,7,1,12:51:30.629981,25,5
332,7,1,12:51:54.224241,25,5
333,7,1,12:51:54.224241,25,5
334,4,1,13:05:27.398946,11,6
335,5,1,13:05:27.398946,18,6
336,4,1,13:05:29.892484,11,7
337,5,1,13:05:29.892484,18,7
338,4,1,13:05:30.361142,11,8
339,5,1,13:05:30.361142,18,8
340,5,1,13:05:43.276836,18,8
341,4,1,13:05:46.186587,11,8
342,5,2,13:05:46.716627,18,8
343,4,2,13:05:50.573948,11,8
344,5,2,13:05:54.142562,18,8
345,5,3,13:05:57.118735,18,8
346,4,2,13:06:01.824415,11,8
347,5,3,13:06:03.024092,18,8
348,4,3,13:06:04.753334,11,8
349,5,1,13:06:06.423702,18,8
350,4,3,13:06:17.161122,11,8
351,4,1,13:06:21.090801,11,8
352,5,1,13:06:35.883821,18,8
353,5,1,13:06:35.883821,16,8
354,4,1,13:06:44.070978,11,8
355,4,1,13:06:44.070978,13,8
356,5,1,13:07:08.215614,16,8
357,5,2,13:07:13.578922,16,8
358,4,1,13:07:18.249972,13,8
359,5,2,13:07:22.40178,16,8
361,5,3,13:07:26.364711,16,8
362,5,3,13:07:33.827597,16,8
364,5,1,13:07:35.987398,16,8
365,5,1,13:08:09.438061,16,8
366,5,1,13:08:09.438061,17,8
367,4,3,13:08:11.993232,13,8
368,4,3,13:08:25.931815,13,8
369,4,1,13:08:33.421128,13,8
370,5,1,13:08:36.62296,17,8
371,5,2,13:08:41.643534,17,8
372,5,2,13:08:50.690402,17,8
373,5,3,13:08:53.999177,17,8
374,5,3,13:09:03.797817,17,8
375,5,1,13:09:08.884816,17,8
376,4,1,13:09:16.334486,13,8
377,4,1,13:09:16.334486,12,8
378,5,1,13:09:32.616296,17,8
381,5,2,13:10:08.956976,15,8
382,5,2,13:10:19.184199,15,8
383,5,3,13:10:22.126645,15,8
384,4,1,13:10:29.29413,12,8
385,5,3,13:10:32.975146,15,8
386,4,2,13:10:37.464782,12,8
387,5,1,13:10:37.891332,15,8
388,4,2,13:10:47.206621,12,8
389,4,3,13:10:51.769318,12,8
390,5,1,13:11:03.244614,15,8
394,4,3,13:11:05.772056,12,8
395,4,1,13:11:18.381919,12,8
396,4,1,13:12:25.444051,12,8
397,4,1,13:12:25.444051,14,8
398,4,1,13:13:09.063804,14,8
399,4,2,13:13:15.928068,14,8
400,4,2,13:13:41.969003,14,8
401,4,3,13:13:45.307718,14,8
402,4,3,13:13:57.41642,14,8
403,4,1,13:13:59.124948,14,8
404,4,1,13:14:58.488235,14,8
405,4,1,13:14:58.488235,14,8
406,3,1,13:19:41.86786,10,9
407,15,1,13:19:41.86786,55,9
408,15,1,13:20:01.772689,55,9
409,3,1,13:20:03.978731,10,9
410,15,2,13:20:05.855903,55,9
411,3,2,13:20:09.332313,10,9
412,3,2,13:20:15.253323,10,9
413,15,2,13:20:17.61719,55,9
414,3,3,13:20:18.154324,10,9
415,15,3,13:20:20.202925,55,9
416,15,3,13:20:28.811424,55,9
417,15,1,13:20:30.535825,55,9
418,3,3,13:20:31.763234,10,9
419,3,1,13:20:39.077418,10,9
420,15,1,13:20:59.90092,55,9
421,15,1,13:20:59.90092,58,9
422,3,1,13:21:04.331514,10,9
423,3,1,13:21:04.331514,9,9
424,15,1,13:21:32.345895,58,9
425,3,1,13:21:33.772977,9,9
426,15,2,13:21:36.026011,58,9
427,3,2,13:21:37.730134,9,9
428,3,2,13:21:50.171623,9,9
429,3,3,13:21:52.611043,9,9
430,3,3,13:22:03.293497,9,9
431,3,1,13:22:08.876144,9,9
432,15,2,13:22:10.138609,58,9
433,15,3,13:22:13.442624,58,9
434,15,3,13:22:27.123753,58,9
435,15,1,13:22:31.448827,58,9
436,3,1,13:22:32.347327,9,9
437,3,1,13:22:32.347327,8,9
438,15,1,13:22:58.723005,58,9
439,15,1,13:22:58.723005,59,9
440,3,2,13:23:02.964374,8,9
441,3,1,13:23:03.994787,8,9
442,3,2,13:23:13.294021,8,9
443,3,3,13:23:15.89012,8,9
444,3,3,13:23:23.729158,8,9
445,15,1,13:23:28.193017,59,9
446,3,1,13:23:29.594602,8,9
447,15,2,13:23:31.450175,59,9
448,3,1,13:23:51.514317,8,9
449,3,1,13:23:51.514317,7,9
450,15,2,13:23:51.52017,59,9
451,15,3,13:23:54.275507,59,9
452,15,3,13:24:03.627296,59,9
453,15,1,13:24:07.303171,59,9
454,3,1,13:24:23.564327,7,9
455,15,1,13:24:31.420667,59,9
456,15,1,13:24:31.420667,55,9
457,3,2,13:24:34.23747,7,9
458,3,2,13:24:43.574947,7,9
459,3,3,13:24:45.812915,7,9
460,3,3,13:24:56.876731,7,9
461,3,1,13:25:02.24969,7,9
462,15,1,13:25:04.106513,55,9
463,15,2,13:25:09.874479,55,9
464,3,1,13:25:26.105283,7,9
465,3,1,13:25:26.105283,7,9
466,15,2,13:25:39.778378,55,9
467,15,3,13:25:52.032959,55,9
468,15,3,13:26:00.75525,55,9
469,15,1,13:26:01.914564,55,9
470,15,1,13:26:24.700165,55,9
471,15,1,13:26:24.700165,55,9
472,1,1,13:30:05.084597,1,10
473,2,1,13:30:05.084597,6,10
474,2,1,13:30:26.423664,6,10
475,1,1,13:30:27.298975,1,10
476,2,2,13:30:29.76989,6,10
477,1,2,13:30:32.640763,1,10
478,2,2,13:30:40.204983,6,10
479,2,3,13:30:42.727172,6,10
480,1,2,13:30:47.807827,1,10
481,2,3,13:30:50.720837,6,10
482,1,3,13:30:52.161091,1,10
483,2,1,13:30:54.121763,6,10
484,1,3,13:31:01.798695,1,10
485,1,1,13:31:09.845966,1,10
486,2,1,13:31:15.993614,6,10
487,2,1,13:31:15.993614,5,10
488,1,1,13:31:32.792792,1,10
489,1,1,13:31:32.792792,3,10
490,2,1,13:31:49.506223,5,10
491,2,2,13:31:52.864325,5,10
492,2,2,13:32:02.92818,5,10
493,2,3,13:32:05.60998,5,10
494,2,3,13:32:13.513657,5,10
495,2,1,13:32:16.845212,5,10
496,1,1,13:32:20.065235,3,10
497,1,2,13:32:25.847083,3,10
498,1,2,13:32:32.325908,3,10
499,1,3,13:32:34.300977,3,10
500,2,1,13:32:39.212626,5,10
501,2,1,13:32:39.212626,6,10
502,1,3,13:32:43.360713,3,10
503,1,1,13:32:49.762949,3,10
504,2,1,13:33:06.417234,6,10
505,2,2,13:33:10.670759,6,10
506,1,1,13:33:13.428706,3,10
507,1,1,13:33:13.428706,2,10
508,2,2,13:33:20.091703,6,10
509,2,3,13:33:22.710284,6,10
510,2,3,13:33:30.49072,6,10
511,2,1,13:33:33.851168,6,10
512,1,1,13:33:45.083166,2,10
513,1,2,13:33:51.192661,2,10
514,2,1,13:33:56.61636,6,10
515,2,1,13:33:56.61636,5,10
516,1,2,13:34:11.087047,2,10
517,1,3,13:34:15.684212,2,10
518,1,3,13:34:24.139698,2,10
519,2,1,13:34:27.018117,5,10
520,1,1,13:34:31.850119,2,10
521,2,2,13:34:31.853992,5,10
522,2,2,13:34:42.719911,5,10
523,2,3,13:34:44.806261,5,10
524,2,3,13:34:53.254559,5,10
525,2,1,13:34:55.644442,5,10
526,1,1,13:34:56.505865,2,10
527,1,1,13:34:56.505865,4,10
528,2,1,13:35:20.299231,5,10
529,2,1,13:35:20.299231,5,10
530,1,1,13:35:27.122097,4,10
531,1,2,13:35:47.657968,4,10
532,1,3,13:35:50.411154,4,10
533,1,3,13:35:57.443613,4,10
534,1,1,13:36:01.882369,4,10
535,1,1,13:36:24.655788,4,10
536,1,1,13:36:24.655788,4,10
537,14,1,13:44:50.427019,54,11
538,13,1,13:44:50.427019,47,11
539,13,1,13:45:03.023945,47,11
540,14,1,13:45:03.273775,53,11
541,13,2,13:45:08.776307,47,11
542,14,2,13:45:09.029521,53,11
543,14,2,13:45:18.310639,53,11
544,14,3,13:45:20.650061,53,11
545,13,2,13:45:24.700277,47,11
546,13,3,13:45:26.669853,47,11
547,14,3,13:45:31.733503,53,11
548,13,3,13:45:35.615197,47,11
549,13,1,13:45:38.593316,47,11
550,14,1,13:45:42.076139,53,11
551,13,1,13:46:02.479684,47,11
552,13,1,13:46:02.479684,48,11
553,14,1,13:46:04.333961,53,11
554,14,1,13:46:04.333961,51,11
555,13,1,13:46:31.51677,48,11
556,14,2,13:46:32.944954,53,11
557,14,1,13:46:33.737586,53,11
558,13,2,13:46:36.250484,48,11
559,14,2,13:46:44.876166,53,11
560,14,3,13:46:47.297391,53,11
561,13,2,13:46:53.828456,48,11
562,14,3,13:46:54.169893,53,11
563,13,3,13:46:56.825181,48,11
564,14,1,13:47:01.296907,53,11
565,13,3,13:47:05.830996,48,11
566,13,1,13:47:09.165707,48,11
567,14,1,13:47:29.588458,53,11
568,14,1,13:47:29.588458,52,11
569,13,1,13:47:31.358792,48,11
570,13,1,13:47:31.358792,50,11
571,14,2,13:48:01.369921,52,11
572,14,1,13:48:01.74181,52,11
573,14,2,13:48:05.280251,52,11
574,13,1,13:48:06.264092,50,11
575,14,3,13:48:07.78092,52,11
576,13,2,13:48:12.516669,50,11
577,14,3,13:48:14.658037,52,11
578,13,2,13:48:19.187793,50,11
579,13,3,13:48:21.556007,50,11
580,14,1,13:48:21.899287,52,11
581,13,3,13:48:29.696339,50,11
582,13,1,13:48:35.307499,50,11
583,14,1,13:48:42.747831,52,11
584,14,1,13:48:42.747831,53,11
585,13,1,13:49:01.49124,50,11
586,13,1,13:49:01.49124,49,11
587,14,1,13:49:10.694746,53,11
588,14,2,13:49:15.127394,53,11
589,13,1,13:49:27.491762,49,11
590,13,2,13:49:30.710838,49,11
591,14,2,13:49:33.481248,53,11
592,14,3,13:49:36.812284,53,11
593,13,2,13:49:37.796083,49,11
594,13,3,13:49:40.594737,49,11
595,14,3,13:49:47.861753,53,11
596,13,3,13:49:48.459954,49,11
597,13,1,13:49:50.213869,49,11
598,14,1,13:49:52.35796,53,11
599,13,1,13:50:15.372765,49,11
600,13,1,13:50:15.372765,49,11
601,14,1,13:50:17.551309,53,11
602,14,1,13:50:17.551309,53,11
603,10,1,13:53:47.535007,35,12
604,8,1,13:53:47.535007,30,12
605,10,1,13:54:09.245773,35,12
606,8,1,13:54:09.481438,28,12
607,8,2,13:54:13.906831,28,12
608,10,2,13:54:14.612177,35,12
609,10,2,13:54:23.188709,35,12
610,8,2,13:54:25.158008,28,12
611,10,3,13:54:26.024954,35,12
612,8,3,13:54:28.137628,28,12
613,8,3,13:54:37.761264,28,12
614,10,3,13:54:38.326028,35,12
615,8,1,13:54:41.061364,28,12
616,10,1,13:54:47.487864,35,12
617,10,1,13:55:10.653604,35,12
618,10,1,13:55:10.653604,38,12
619,8,1,13:55:29.630396,28,12
620,8,2,13:55:34.148048,28,12
621,10,1,13:55:43.771405,38,12
622,10,2,13:55:47.682277,38,12
623,8,2,13:55:49.664956,28,12
624,8,3,13:55:52.473111,28,12
625,8,3,13:56:02.110585,28,12
626,8,1,13:56:05.879154,28,12
627,10,2,13:56:15.96955,38,12
628,10,3,13:56:18.366739,38,12
629,10,3,13:56:28.146066,38,12
630,10,1,13:56:36.059913,38,12
631,8,1,13:56:55.166021,28,12
632,8,2,13:56:59.294114,28,12
633,10,1,13:57:03.47083,38,12
634,10,1,13:57:03.47083,36,12
635,8,2,13:57:10.696817,28,12
636,8,3,13:57:13.409432,28,12
637,8,3,13:57:23.854821,28,12
638,8,1,13:57:26.845271,28,12
639,10,1,13:57:34.087191,36,12
640,10,2,13:57:37.963004,36,12
641,10,2,13:57:46.984407,36,12
642,10,3,13:57:48.888064,36,12
643,10,3,13:57:58.406414,36,12
644,10,1,13:58:04.245638,36,12
645,8,1,13:58:24.963389,28,12
646,8,2,13:58:27.743908,28,12
647,10,1,13:58:30.848357,36,12
648,10,1,13:58:30.848357,37,12
649,8,2,13:58:37.52869,28,12
650,8,3,13:58:40.717222,28,12
651,8,3,13:58:49.534434,28,12
652,8,1,13:58:52.945009,28,12
653,10,1,13:59:03.272785,37,12
654,10,2,13:59:07.905146,37,12
655,10,2,13:59:25.063927,37,12
656,10,3,13:59:27.923253,37,12
657,10,3,13:59:43.87078,37,12
658,10,1,13:59:49.365678,37,12
659,10,1,14:00:19.081701,37,12
660,10,1,14:00:19.081701,37,12
661,16,1,14:45:00.16878,56,13
662,5,1,14:45:00.16878,18,13
663,5,1,14:45:22.955301,18,13
664,5,2,14:45:26.442546,18,13
665,16,1,14:45:26.993471,56,13
666,16,2,14:45:32.714998,56,13
667,5,2,14:45:32.934582,18,13
668,5,3,14:45:34.915865,18,13
669,5,3,14:45:42.33697,18,13
670,5,1,14:45:45.573826,18,13
671,16,2,14:46:06.199204,56,13
672,16,3,14:46:08.62455,56,13
673,5,1,14:46:14.059914,18,13
674,5,1,14:46:14.059914,16,13
675,16,3,14:46:19.058922,56,13
676,16,1,14:46:24.104692,56,13
677,16,1,14:46:51.5008,56,13
678,16,1,14:46:51.5008,57,13
679,5,1,14:46:56.130277,16,13
680,5,2,14:47:03.734205,16,13
681,5,2,14:47:15.381453,16,13
682,5,3,14:47:19.166501,16,13
683,5,3,14:47:27.713711,16,13
684,5,1,14:47:30.743346,16,13
685,16,1,14:47:36.177967,57,13
686,16,2,14:47:44.021786,57,13
687,16,2,14:47:58.637245,57,13
688,5,1,14:48:01.177466,16,13
689,5,1,14:48:01.177466,17,13
690,16,3,14:48:01.357201,57,13
691,16,3,14:48:14.417803,57,13
692,16,1,14:48:24.948581,57,13
693,5,1,14:48:33.001543,17,13
694,5,2,14:48:37.839072,17,13
695,5,2,14:48:49.041084,17,13
696,5,3,14:48:50.51948,17,13
697,16,1,14:48:51.648988,57,13
698,16,1,14:48:51.648988,61,13
699,5,3,14:49:00.298808,17,13
700,5,1,14:49:04.542753,17,13
701,16,1,14:49:24.961984,61,13
702,16,2,14:49:31.093921,61,13
703,5,1,14:49:31.654186,17,13
704,5,1,14:49:31.654186,15,13
705,5,1,14:50:05.144898,15,13
706,16,2,14:50:07.118455,61,13
707,5,2,14:50:07.786696,15,13
708,16,3,14:50:11.111302,61,13
709,16,3,14:50:18.852257,61,13
710,5,2,14:50:21.27009,15,13
711,16,1,14:50:24.013693,61,13
712,5,3,14:50:24.732551,15,13
713,5,3,14:50:35.160432,15,13
714,5,1,14:50:42.221669,15,13
715,16,1,14:50:44.014401,61,13
716,16,1,14:50:44.014401,60,13
717,5,1,14:51:16.244306,15,13
718,5,1,14:51:16.244306,15,13
719,16,1,14:51:26.725739,60,13
720,16,2,14:51:34.918568,60,13
721,16,2,14:51:51.547859,60,13
724,16,1,14:52:02.507298,60,13
725,16,1,14:52:25.773091,60,13
726,16,1,14:52:25.773091,60,13
727,3,1,14:57:19.718137,10,14
728,2,1,14:57:19.718137,6,14
729,2,1,14:57:41.70949,6,14
730,2,2,14:57:44.729002,6,14
731,3,1,14:57:49.575383,10,14
732,2,2,14:57:53.725736,6,14
733,3,2,14:57:54.401505,10,14
734,2,3,14:57:56.447845,6,14
735,3,2,14:58:00.873941,10,14
736,2,3,14:58:03.827727,6,14
737,3,3,14:58:04.349004,10,14
738,2,1,14:58:06.78368,6,14
739,3,3,14:58:15.349319,10,14
740,3,1,14:58:24.338781,10,14
741,2,1,14:58:32.036215,6,14
742,2,1,14:58:32.036215,5,14
743,3,1,14:58:45.717576,10,14
744,3,1,14:58:45.717576,9,14
745,2,1,14:59:03.794498,5,14
746,2,2,14:59:09.898948,5,14
747,3,1,14:59:11.084022,9,14
748,3,2,14:59:15.564689,9,14
749,2,2,14:59:18.575822,5,14
750,2,3,14:59:21.536926,5,14
751,3,2,14:59:26.685222,9,14
752,3,3,14:59:28.527736,9,14
753,2,3,14:59:29.417174,5,14
754,2,2,14:59:33.791709,5,14
755,3,3,14:59:38.672769,9,14
756,3,1,14:59:44.019665,9,14
757,2,1,14:59:57.541704,5,14
758,2,1,14:59:57.541704,6,14
759,3,1,15:00:01.003318,9,14
760,3,1,15:00:01.003318,8,14
761,3,1,15:00:28.022094,8,14
762,3,2,15:00:31.162541,8,14
763,2,1,15:00:32.649196,6,14
764,2,2,15:00:36.487068,6,14
765,3,2,15:00:40.759082,8,14
766,3,3,15:00:42.659842,8,14
767,2,2,15:00:45.945817,6,14
768,2,3,15:00:48.284624,6,14
769,3,3,15:00:51.101668,8,14
770,2,3,15:00:55.782065,6,14
771,3,1,15:00:57.558328,8,14
772,2,1,15:00:57.690519,6,14
773,3,1,15:01:17.807895,8,14
774,3,1,15:01:17.807895,7,14
775,2,1,15:01:23.574594,6,14
776,2,1,15:01:23.574594,5,14
777,3,1,15:01:45.778971,7,14
778,3,2,15:01:50.495624,7,14
779,2,1,15:01:51.25742,5,14
780,2,2,15:01:56.228848,5,14
781,3,2,15:02:02.634414,7,14
782,3,3,15:02:04.940813,7,14
783,2,2,15:02:07.679293,5,14
784,2,3,15:02:09.548161,5,14
785,3,3,15:02:14.116815,7,14
786,2,3,15:02:17.854973,5,14
787,2,1,15:02:20.180251,5,14
788,3,1,15:02:21.966194,7,14
789,3,1,15:02:40.575151,7,14
790,3,1,15:02:40.575151,7,14
793,13,1,15:10:07.772068,47,15
794,8,1,15:10:07.772068,30,15
795,13,1,15:10:28.460421,47,15
796,8,1,15:10:30.620786,30,15
797,13,2,15:10:35.454623,47,15
798,8,2,15:10:35.475432,30,15
799,13,2,15:10:47.238413,47,15
800,13,3,15:10:49.134269,47,15
801,8,2,15:10:52.051175,30,15
802,13,3,15:10:58.133045,47,15
803,13,1,15:11:00.619317,47,15
804,8,3,15:11:04.057325,30,15
805,8,1,15:11:07.733339,30,15
806,13,1,15:11:25.373436,47,15
807,13,1,15:11:25.373436,48,15
808,8,1,15:11:37.477929,30,15
809,8,1,15:11:37.477929,29,15
810,13,1,15:11:51.516423,48,15
811,13,2,15:11:57.411674,48,15
812,8,1,15:11:59.688207,29,15
813,8,2,15:12:03.347931,29,15
814,13,2,15:12:14.11144,48,15
815,13,3,15:12:16.867142,48,15
816,8,2,15:12:19.544271,29,15
817,8,3,15:12:20.667798,29,15
818,13,3,15:12:26.058506,48,15
819,13,1,15:12:28.103531,48,15
820,8,3,15:12:31.443826,29,15
821,8,1,15:12:34.524754,29,15
822,13,1,15:12:48.832893,48,15
823,13,1,15:12:48.832893,50,15
824,8,1,15:13:09.917308,29,15
825,8,1,15:13:09.917308,27,15
826,13,1,15:13:26.385561,50,15
827,13,2,15:13:34.316741,50,15
828,8,1,15:13:36.029226,27,15
829,13,2,15:13:40.023295,50,15
830,8,2,15:13:40.365495,27,15
831,13,3,15:13:44.494718,50,15
832,8,2,15:13:48.244351,27,15
833,8,3,15:13:50.566161,27,15
834,13,3,15:13:52.184734,50,15
835,13,1,15:13:55.035199,50,15
836,8,3,15:14:01.06942,27,15
837,8,1,15:14:04.544036,27,15
838,8,1,15:14:27.390147,27,15
839,8,1,15:14:27.390147,28,15
840,13,1,15:14:28.501739,50,15
841,13,1,15:14:28.501739,49,15
842,13,1,15:14:53.111357,49,15
843,8,1,15:14:56.657252,28,15
844,13,2,15:14:59.297347,49,15
845,8,2,15:15:00.114759,28,15
846,13,2,15:15:04.167256,49,15
847,13,3,15:15:07.807531,49,15
848,8,2,15:15:08.984319,28,15
849,8,3,15:15:10.899349,28,15
850,13,3,15:15:16.275308,49,15
851,13,1,15:15:18.727293,49,15
852,8,3,15:15:20.054208,28,15
853,8,1,15:15:23.552162,28,15
854,13,1,15:15:41.006016,49,15
855,13,1,15:15:41.006016,49,15
856,8,1,15:15:51.377237,28,15
857,8,1,15:15:51.377237,28,15
858,5,1,15:24:57.245059,18,16
859,3,1,15:24:57.245059,10,16
860,5,1,15:25:17.369758,18,16
861,3,1,15:25:18.162464,10,16
862,5,2,15:25:21.591507,18,16
863,3,2,15:25:22.832845,10,16
864,5,2,15:25:29.312702,18,16
865,3,2,15:25:29.992944,10,16
866,5,3,15:25:30.716379,18,16
867,3,3,15:25:32.854909,10,16
868,5,3,15:25:39.713905,18,16
869,5,1,15:25:45.899491,18,16
870,3,3,15:25:47.075609,10,16
871,3,1,15:25:49.378808,10,16
872,5,1,15:26:05.297918,18,16
873,5,1,15:26:05.297918,16,16
874,3,1,15:26:16.7876,10,16
875,3,1,15:26:16.7876,9,16
876,3,1,15:26:31.535321,9,16
877,3,2,15:26:37.247794,9,16
878,3,1,15:26:44.802183,9,16
879,3,2,15:26:47.943034,9,16
880,3,2,15:26:48.800808,9,16
881,3,3,15:26:50.325593,9,16
882,3,3,15:27:00.21404,9,16
883,3,2,15:27:02.671102,9,16
884,3,3,15:27:04.730549,9,16
885,3,1,15:27:08.543753,9,16
886,3,3,15:27:15.406978,9,16
887,3,1,15:27:16.641165,9,16
888,5,1,15:27:27.918387,18,16
889,5,1,15:27:27.918387,17,16
890,3,1,15:27:49.666111,9,16
891,3,1,15:27:49.666111,8,16
892,5,1,15:27:58.172064,17,16
893,5,2,15:28:04.991111,17,16
894,5,2,15:28:12.612496,17,16
895,3,1,15:28:18.409499,8,16
896,3,2,15:28:21.829157,8,16
897,5,3,15:28:24.831073,17,16
898,3,2,15:28:30.784698,8,16
899,5,3,15:28:32.410163,17,16
900,5,1,15:28:32.458009,17,16
901,3,3,15:28:34.67713,8,16
902,3,3,15:28:43.271796,8,16
903,3,1,15:28:45.817185,8,16
904,5,1,15:28:50.055432,17,16
905,5,1,15:28:50.055432,15,16
906,3,1,15:29:11.786694,8,16
907,3,1,15:29:11.786694,7,16
908,5,1,15:29:16.230916,15,16
909,5,2,15:29:20.966189,15,16
910,5,2,15:29:33.68871,15,16
911,5,3,15:29:36.677617,15,16
912,3,1,15:29:40.64531,7,16
913,3,2,15:29:46.181373,7,16
914,5,3,15:29:49.163723,15,16
915,5,1,15:29:54.517997,15,16
916,3,2,15:30:01.771577,7,16
917,3,3,15:30:04.060959,7,16
918,3,3,15:30:13.837172,7,16
919,3,1,15:30:15.955797,7,16
920,5,1,15:30:17.869237,15,16
921,5,1,15:30:17.869237,15,16
922,3,1,15:30:44.944935,7,16
923,3,1,15:30:44.944935,7,16
924,13,1,15:43:52.124508,47,17
925,5,1,15:43:52.124508,18,17
926,5,1,15:43:54.261508,15,16
927,5,1,15:43:54.261508,18,16
928,13,1,15:44:10.758495,47,17
930,5,2,15:44:16.492818,18,17
931,13,2,15:44:19.53406,47,17
932,13,2,15:44:23.764365,47,17
933,5,2,15:44:23.920312,15,17
934,5,3,15:44:25.499891,18,17
935,13,3,15:44:30.159244,47,17
936,5,3,15:44:32.094135,15,17
937,5,1,15:44:35.131926,18,17
938,13,3,15:44:39.572287,47,17
939,13,1,15:44:42.606554,47,17
940,5,1,15:45:00.483586,18,17
941,5,1,15:45:00.483586,17,17
942,13,1,15:45:04.762184,47,17
943,13,1,15:45:04.762184,48,17
944,13,1,15:45:29.591309,48,17
945,5,1,15:45:32.510542,17,17
946,13,2,15:45:35.408682,48,17
947,5,2,15:45:36.646185,17,17
948,5,2,15:45:44.672932,17,17
949,5,3,15:45:47.211536,17,17
950,5,3,15:45:57.108906,17,17
951,13,2,15:45:59.848913,48,17
952,5,1,15:46:00.786214,17,17
953,13,3,15:46:02.980931,48,17
954,13,3,15:46:13.812279,48,17
955,13,1,15:46:16.327822,48,17
956,5,1,15:46:28.506326,17,17
957,5,1,15:46:28.506326,16,17
958,13,1,15:46:37.588915,48,17
959,13,1,15:46:37.588915,50,17
960,5,1,15:46:59.446927,16,17
961,13,1,15:47:05.820408,50,17
962,5,2,15:47:05.886151,16,17
963,13,2,15:47:11.899696,50,17
964,5,2,15:47:14.95933,16,17
965,13,2,15:47:16.635725,50,17
966,5,3,15:47:16.999222,16,17
967,13,3,15:47:20.036465,50,17
968,5,3,15:47:27.35332,16,17
969,13,3,15:47:29.129794,50,17
970,5,1,15:47:31.681843,16,17
971,13,1,15:47:32.21928,50,17
972,13,1,15:47:56.673048,50,17
973,13,1,15:47:56.673048,49,17
974,5,1,15:47:59.399332,16,17
976,13,1,15:48:27.754732,49,17
977,5,1,15:48:31.357459,15,17
978,13,2,15:48:34.349553,49,17
979,5,2,15:48:34.987329,15,17
980,13,2,15:48:40.726146,49,17
981,5,2,15:48:43.511917,15,17
982,13,3,15:48:43.539852,49,17
983,5,3,15:48:46.877421,15,17
984,5,3,15:48:53.293259,15,17
985,13,3,15:48:53.356603,49,17
986,13,1,15:48:54.522109,49,17
987,5,1,15:48:59.114061,15,17
988,13,1,15:49:17.249456,49,17
989,13,1,15:49:17.249456,49,17